,fixation_id,fixation_run_id,fixation_start_event_time,fixation_order_number,x,y,fixation_target,source_file_line,source_file_col,token,syntactic_category,xpath,left_pupil_diameter,right_pupil_diameter,duration
0,5890e37c-b9e3-4055-8a9a-2051feb7d015,1701549191788,133416002150593903,1,780.367,574.767,openaudible.txt,127,47,,,,3.56854,3.23609,1000
1,a9ac0357-2557-4bc5-a28a-43e6a945c88e,1701549191788,133416002148069702,2,719.4,654.6,openaudible.txt,133,40,,,,3.66905,3.34085,136
2,cb901713-1188-4458-bbca-dcd0f2838fd1,1701549191788,133416002127757409,3,722.696,582.37,openaudible.txt,129,40,,,,3.51197,3.22173,1367
3,a8f68ba1-f098-4ed3-bb15-0845cc1ade2e,1701549191788,133416002119924693,4,672.462,571.231,openaudible.txt,127,34,,,,3.92231,3.57518,442
4,039c8897-ee5f-46ab-a59d-ce51fe86cf05,1701549191788,133416002099759144,5,632.0,586.25,openaudible.txt,129,28,,,,3.65244,3.34429,472
5,b27b480e-b117-4096-a824-5dc244e248f7,1701549191788,133416002062088508,6,520.5,588.472,openaudible.txt,129,14,,,,3.83803,3.51136,1332
6,bd83a3f3-29e8-451a-bc88-69df37cc481d,1701549191788,133416002033755258,7,1436.71,575.714,openaudible.txt,128,143,,,,3.76089,3.37856,234
7,90feb6a0-1354-4edc-8041-e25f07cb19bd,1701549191788,133416002029338197,8,672.0,562.25,openaudible.txt,127,33,,,,3.92531,3.60641,91
8,90adf74d-29e9-4192-bca2-f52c54a83f54,1701549191788,133416002015328029,9,1433.2,580.2,openaudible.txt,128,142,,,,3.82371,3.40736,401
9,9597601e-7809-4e7a-a5cb-e50413c71a63,1701549191788,133416001991714993,10,459.0,532.333,openaudible.txt,125,3,,,,3.67682,3.36257,279
10,71d04044-84fc-45c1-b81d-fdba79e1577f,1701549191788,133416001987549679,11,1358.88,577.375,openaudible.txt,128,132,,,,3.91258,3.50491,245
11,b408e9e6-b99f-415b-ba38-443823f553c7,1701549191788,133416001955501064,12,1259.35,577.0,openaudible.txt,128,115,,,,3.77143,3.36493,950
12,fc700bc9-beee-4865-a13c-cf3c4092bfd6,1701549191788,133416001912248636,13,1075.86,580.857,openaudible.txt,128,91,,,,4.21371,3.77745,250
13,fb08ea53-e24a-4648-a603-7f965467d725,1701549191788,133416001891002672,14,1011.83,577.167,openaudible.txt,128,82,,,,4.04262,3.60791,317
14,f56b91a4-e498-4009-92e7-1a74ba86c808,1701549191788,133416001810747895,15,746.0,573.75,openaudible.txt,128,43,,,,3.69743,3.36531,81
15,c0e63e23-d50d-4e7a-9322-d0a725e948ea,1701549191788,133416001808078584,16,687.0,576.75,openaudible.txt,128,35,,,,3.71517,3.40766,192
16,e6982237-30ff-4178-ad76-dab0a1887e5a,1701549191788,133416001806157429,17,740.6,579.6,openaudible.txt,128,43,,,,3.74695,3.44355,140
17,d29d6780-e6c7-46f8-b0ee-e03fdf2e51cf,1701549191788,133416001791227403,18,724.947,576.711,openaudible.txt,128,43,,,,3.81122,3.54121,1408
18,25c2e998-b10f-4685-b24e-33de3e5cba8e,1701549191788,133416001754576295,19,579.5,570.111,openaudible.txt,127,18,,,,3.84719,3.55748,583
19,721fd767-bfa8-407e-b344-7de17c8aecab,1701549191788,133416001732990972,20,501.857,578.857,openaudible.txt,128,9,,,,3.87224,3.54222,367
20,9a784572-667c-492c-8251-339e00e66534,1701549191788,133416001731122405,21,542.8,430.0,openaudible.txt,118,18,,,,4.17018,3.82625,127
21,b1e51a40-024a-4f29-ae2c-7ecad4653baa,1701549191788,133416001711490632,22,529.0,109.5,openaudible.txt,97,8,,,,3.75591,3.51181,492
22,744e40d5-459a-4e3f-9567-d196c4be3d37,1701549191788,133416001706555469,23,486.0,562.9,openaudible.txt,127,5,,,,3.70574,3.4551,369
23,1727a403-b824-4300-a2c8-5e4da3bcd795,1701549191788,133416001694658388,24,749.895,560.842,openaudible.txt,127,44,,,,3.68601,3.4246,858
24,62d5e088-5e19-4c9c-b0b0-cd0f27d50651,1701549191788,133416001669994076,25,646.231,561.077,openaudible.txt,127,30,,,,3.6938,3.46634,467
25,8eb810b2-8814-4fa6-aa5c-daa3dcb0a1df,1701549191788,133416001647571393,26,635.25,563.833,openaudible.txt,127,26,,,,3.59072,3.33512,516
26,1c8981b1-6699-487a-b00b-63cd26a1cf2c,1701549191788,133416001617906734,27,534.906,320.66,CommandCenter.java,92,16,actionExit,unit->class->block->function->name,//src:unit[@filename='C:/Users/elide-double-blind/eclipse-workspace/iTrace/src/openaudible/src/main/java/org/openaudible/desktop/swt/manager/menu/CommandCenter.java']/src:class[@pos:start='28:1' and @pos:end='366:1']/src:block[@pos:start='28:28' and @pos:end='366:1']/src:function[@pos:start='92:9' and @pos:end='97:9']/src:name[@pos:start='92:14' and @pos:end='92:23'],3.65386,3.36207,514
27,6c4965e2-68d2-41f9-aa1c-6e4669950319,1701549191788,133416001600635077,28,539.013,352.74,CommandCenter.java,96,7,.,unit->class->block->function->block->block_content->if_stmt->if,//src:unit[@filename='C:/Users/elide-double-blind/eclipse-workspace/iTrace/src/openaudible/src/main/java/org/openaudible/desktop/swt/manager/menu/CommandCenter.java']/src:class[@pos:start='28:1' and @pos:end='366:1']/src:block[@pos:start='28:28' and @pos:end='366:1']/src:function[@pos:start='92:9' and @pos:end='97:9']/src:block[@pos:start='92:27' and @pos:end='97:9']/src:block_content[@pos:start='93:17' and @pos:end='96:55']/src:if_stmt[@pos:start='95:17' and @pos:end='96:55']/src:if[@pos:start='95:17' and @pos:end='96:55'],3.48576,3.21826,1694
28,7ac3b502-6551-47cb-a611-304b2a510fde,1701549191788,133416001580382298,29,514.0,787.5,CommandCenter.java,123,3,WHITESPACE,unit->class->block->function->block->block_content->switch->block,//src:unit[@filename='C:/Users/elide-double-blind/eclipse-workspace/iTrace/src/openaudible/src/main/java/org/openaudible/desktop/swt/manager/menu/CommandCenter.java']/src:class[@pos:start='28:1' and @pos:end='366:1']/src:block[@pos:start='28:28' and @pos:end='366:1']/src:function[@pos:start='113:9' and @pos:end='160:9']/src:block[@pos:start='113:50' and @pos:end='160:9']/src:block_content[@pos:start='115:17' and @pos:end='159:28']/src:switch[@pos:start='121:17' and @pos:end='158:17']/src:block[@pos:start='121:33' and @pos:end='158:17'],3.51024,3.19683,1825
29,cf4c9d1b-51f2-4e56-a7da-de0d3858073f,1701549191788,133416001563485652,30,685.65,360.2,CommandCenter.java,256,25,WHITESPACE,unit->class->block->function->block->block_content->switch->block->block_content,//src:unit[@filename='C:/Users/elide-double-blind/eclipse-workspace/iTrace/src/openaudible/src/main/java/org/openaudible/desktop/swt/manager/menu/CommandCenter.java']/src:class[@pos:start='28:1' and @pos:end='366:1']/src:block[@pos:start='28:28' and @pos:end='366:1']/src:function[@pos:start='162:9' and @pos:end='258:9']/src:block[@pos:start='162:40' and @pos:end='258:9']/src:block_content[@pos:start='163:17' and @pos:end='257:17']/src:switch[@pos:start='165:17' and @pos:end='257:17']/src:block[@pos:start='165:28' and @pos:end='257:17']/src:block_content[@pos:start='166:25' and @pos:end='256:65'],3.63073,3.28253,1297
30,416da119-faa5-4c86-8f45-c362be314d86,1701549191788,133416001546149940,31,618.541,436.135,CommandCenter.java,261,20,testsInProgress,unit->class->block->function->block->block_content->decl_stmt->decl,//src:unit[@filename='C:/Users/elide-double-blind/eclipse-workspace/iTrace/src/openaudible/src/main/java/org/openaudible/desktop/swt/manager/menu/CommandCenter.java']/src:class[@pos:start='28:1' and @pos:end='366:1']/src:block[@pos:start='28:28' and @pos:end='366:1']/src:function[@pos:start='260:9' and @pos:end='275:9']/src:block[@pos:start='260:37' and @pos:end='275:9']/src:block_content[@pos:start='261:17' and @pos:end='274:28']/src:decl_stmt[@pos:start='261:17' and @pos:end='261:40']/src:decl[@pos:start='261:17' and @pos:end='261:39'],3.54072,3.29015,1509
31,d7d7a6ed-5248-49fd-ae0a-71a89696bf39,1701549191788,133416001542732585,32,600.8,511.0,CommandCenter.java,266,16,test,unit->class->block->function->block->block_content->if_stmt->if->block->block_content,//src:unit[@filename='C:/Users/elide-double-blind/eclipse-workspace/iTrace/src/openaudible/src/main/java/org/openaudible/desktop/swt/manager/menu/CommandCenter.java']/src:class[@pos:start='28:1' and @pos:end='366:1']/src:block[@pos:start='28:28' and @pos:end='366:1']/src:function[@pos:start='260:9' and @pos:end='275:9']/src:block[@pos:start='260:37' and @pos:end='275:9']/src:block_content[@pos:start='261:17' and @pos:end='274:28']/src:if_stmt[@pos:start='263:17' and @pos:end='273:17']/src:if[@pos:start='263:17' and @pos:end='273:17']/src:block[@pos:start='263:42' and @pos:end='273:17']/src:block_content[@pos:start='264:25' and @pos:end='271:43'],3.55725,3.31565,106
32,69b2e3d2-b8c3-447b-86b8-cc99de7652eb,1701549191788,133416001538901695,33,542.545,555.727,CommandCenter.java,260,14,boolean,unit->class->block->function->type->specifier,//src:unit[@filename='C:/Users/elide-double-blind/eclipse-workspace/iTrace/src/openaudible/src/main/java/org/openaudible/desktop/swt/manager/menu/CommandCenter.java']/src:class[@pos:start='28:1' and @pos:end='366:1']/src:block[@pos:start='28:28' and @pos:end='366:1']/src:function[@pos:start='260:9' and @pos:end='275:9']/src:type[@pos:start='260:9' and @pos:end='260:22']/src:specifier[@pos:start='260:9' and @pos:end='260:14'],3.55319,3.27709,289
33,b16463ff-8d37-487c-b20e-09e943e9645c,1701549191788,133416001527146079,34,591.548,603.226,CommandCenter.java,209,16,Import_AAX_Files,unit->class->block->function->block->block_content->switch->block->block_content,//src:unit[@filename='C:/Users/elide-double-blind/eclipse-workspace/iTrace/src/openaudible/src/main/java/org/openaudible/desktop/swt/manager/menu/CommandCenter.java']/src:class[@pos:start='28:1' and @pos:end='366:1']/src:block[@pos:start='28:28' and @pos:end='366:1']/src:function[@pos:start='162:9' and @pos:end='258:9']/src:block[@pos:start='162:40' and @pos:end='258:9']/src:block_content[@pos:start='163:17' and @pos:end='257:17']/src:switch[@pos:start='165:17' and @pos:end='257:17']/src:block[@pos:start='165:28' and @pos:end='257:17']/src:block_content[@pos:start='166:25' and @pos:end='256:65'],3.49437,3.2477,1101
34,536104e7-95b5-4d38-9c9b-818c0030bcb5,1701549191788,133416001522400628,35,509.429,549.714,CommandCenter.java,152,4,WHITESPACE,unit->class->block->function->block->block_content->switch->block->block_content->if_stmt,//src:unit[@filename='C:/Users/elide-double-blind/eclipse-workspace/iTrace/src/openaudible/src/main/java/org/openaudible/desktop/swt/manager/menu/CommandCenter.java']/src:class[@pos:start='28:1' and @pos:end='366:1']/src:block[@pos:start='28:28' and @pos:end='366:1']/src:function[@pos:start='113:9' and @pos:end='160:9']/src:block[@pos:start='113:50' and @pos:end='160:9']/src:block_content[@pos:start='115:17' and @pos:end='159:28']/src:switch[@pos:start='121:17' and @pos:end='158:17']/src:block[@pos:start='121:33' and @pos:end='158:17']/src:block_content[@pos:start='123:25' and @pos:end='157:45']/src:if_stmt[@pos:start='146:33' and @pos:end='153:53'],3.55083,3.30147,416
35,8fe21ff5-4f4a-4b90-98cf-f47c31302236,1701549191788,133416001515735024,36,554.8,332.2,CommandCenter.java,77,6,if,unit->class->block->function->block->block_content->if_stmt->if->block->block_content->if_stmt->if->block,//src:unit[@filename='C:/Users/elide-double-blind/eclipse-workspace/iTrace/src/openaudible/src/main/java/org/openaudible/desktop/swt/manager/menu/CommandCenter.java']/src:class[@pos:start='28:1' and @pos:end='366:1']/src:block[@pos:start='28:28' and @pos:end='366:1']/src:function[@pos:start='72:9' and @pos:end='85:9']/src:block[@pos:start='72:43' and @pos:end='85:9']/src:block_content[@pos:start='74:17' and @pos:end='83:17']/src:if_stmt[@pos:start='74:17' and @pos:end='83:17']/src:if[@pos:start='74:17' and @pos:end='83:17']/src:block[@pos:start='74:49' and @pos:end='83:17']/src:block_content[@pos:start='75:25' and @pos:end='82:25']/src:if_stmt[@pos:start='75:25' and @pos:end='82:25']/src:if[@pos:start='75:25' and @pos:end='82:25']/src:block[@pos:start='75:68' and @pos:end='82:25'],3.56723,3.29892,108
36,69796fda-bc87-49f3-983c-0845a23d5d3e,1701549191788,133416001509045792,37,626.875,322.063,CommandCenter.java,101,22,true,unit->class->block->function->block->block_content->expr_stmt->expr->call->name->operator,//src:unit[@filename='C:/Users/elide-double-blind/eclipse-workspace/iTrace/src/openaudible/src/main/java/org/openaudible/desktop/swt/manager/menu/CommandCenter.java']/src:class[@pos:start='28:1' and @pos:end='366:1']/src:block[@pos:start='28:28' and @pos:end='366:1']/src:function[@pos:start='100:9' and @pos:end='102:9']/src:block[@pos:start='100:37' and @pos:end='102:9']/src:block_content[@pos:start='101:17' and @pos:end='101:41']/src:expr_stmt[@pos:start='101:17' and @pos:end='101:41']/src:expr[@pos:start='101:17' and @pos:end='101:40']/src:call[@pos:start='101:17' and @pos:end='101:40']/src:name[@pos:start='101:17' and @pos:end='101:34']/src:operator[@pos:start='101:22' and @pos:end='101:22'],3.55377,3.28001,519
37,d63e6f75-b99b-44d3-9151-ca002c6fb00d,1701549191788,133416001484058124,38,579.939,278.394,CommandCenter.java,166,12,About,unit->class->block->function->block->block_content->switch->block,//src:unit[@filename='C:/Users/elide-double-blind/eclipse-workspace/iTrace/src/openaudible/src/main/java/org/openaudible/desktop/swt/manager/menu/CommandCenter.java']/src:class[@pos:start='28:1' and @pos:end='366:1']/src:block[@pos:start='28:28' and @pos:end='366:1']/src:function[@pos:start='162:9' and @pos:end='258:9']/src:block[@pos:start='162:40' and @pos:end='258:9']/src:block_content[@pos:start='163:17' and @pos:end='257:17']/src:switch[@pos:start='165:17' and @pos:end='257:17']/src:block[@pos:start='165:28' and @pos:end='257:17'],3.54553,3.28241,2301
38,11c66d37-7600-49d8-a4d2-51f7cda5f592,1701549191788,133416001474647556,39,579.857,182.286,CommandCenter.java,241,10,;,unit->class->block->function->block->block_content->switch->block->block_content,//src:unit[@filename='C:/Users/elide-double-blind/eclipse-workspace/iTrace/src/openaudible/src/main/java/org/openaudible/desktop/swt/manager/menu/CommandCenter.java']/src:class[@pos:start='28:1' and @pos:end='366:1']/src:block[@pos:start='28:28' and @pos:end='366:1']/src:function[@pos:start='162:9' and @pos:end='258:9']/src:block[@pos:start='162:40' and @pos:end='258:9']/src:block_content[@pos:start='163:17' and @pos:end='257:17']/src:switch[@pos:start='165:17' and @pos:end='257:17']/src:block[@pos:start='165:28' and @pos:end='257:17']/src:block_content[@pos:start='166:25' and @pos:end='256:65'],3.56829,3.30423,193
39,c1e50d36-3f35-4b68-a099-5543f91095fb,1701549191788,133416001464795433,40,552.842,503.526,CommandCenter.java,263,12,testsInProgress,unit->class->block->function->block->block_content,//src:unit[@filename='C:/Users/elide-double-blind/eclipse-workspace/iTrace/src/openaudible/src/main/java/org/openaudible/desktop/swt/manager/menu/CommandCenter.java']/src:class[@pos:start='28:1' and @pos:end='366:1']/src:block[@pos:start='28:28' and @pos:end='366:1']/src:function[@pos:start='260:9' and @pos:end='275:9']/src:block[@pos:start='260:37' and @pos:end='275:9']/src:block_content[@pos:start='261:17' and @pos:end='274:28'],3.5621,3.32068,793
40,0ae4968d-8824-464f-8eff-91481e1d455c,1701549191788,133416001461729935,41,628.7,532.4,CommandCenter.java,264,20,isMac,unit->class->block->function->block->block_content->if_stmt->if->block,//src:unit[@filename='C:/Users/elide-double-blind/eclipse-workspace/iTrace/src/openaudible/src/main/java/org/openaudible/desktop/swt/manager/menu/CommandCenter.java']/src:class[@pos:start='28:1' and @pos:end='366:1']/src:block[@pos:start='28:28' and @pos:end='366:1']/src:function[@pos:start='260:9' and @pos:end='275:9']/src:block[@pos:start='260:37' and @pos:end='275:9']/src:block_content[@pos:start='261:17' and @pos:end='274:28']/src:if_stmt[@pos:start='263:17' and @pos:end='273:17']/src:if[@pos:start='263:17' and @pos:end='273:17']/src:block[@pos:start='263:42' and @pos:end='273:17'],3.52303,3.31743,248
41,def746a9-5c66-4bad-ad43-9c624199ca1d,1701549191788,133416001455562340,42,611.773,477.091,CommandCenter.java,261,23,=,unit->class->block->function->block->block_content->decl_stmt->decl->name,//src:unit[@filename='C:/Users/elide-double-blind/eclipse-workspace/iTrace/src/openaudible/src/main/java/org/openaudible/desktop/swt/manager/menu/CommandCenter.java']/src:class[@pos:start='28:1' and @pos:end='366:1']/src:block[@pos:start='28:28' and @pos:end='366:1']/src:function[@pos:start='260:9' and @pos:end='275:9']/src:block[@pos:start='260:37' and @pos:end='275:9']/src:block_content[@pos:start='261:17' and @pos:end='274:28']/src:decl_stmt[@pos:start='261:17' and @pos:end='261:40']/src:decl[@pos:start='261:17' and @pos:end='261:39']/src:name[@pos:start='261:21' and @pos:end='261:35'],3.49022,3.26705,566
42,5901010b-d54f-4680-8fed-3ab5765b6d01,1701549191788,133416001445815208,43,543.667,637.333,CommandCenter.java,271,7,return,unit->class->block->function->block->block_content->if_stmt->if->block->block_content,//src:unit[@filename='C:/Users/elide-double-blind/eclipse-workspace/iTrace/src/openaudible/src/main/java/org/openaudible/desktop/swt/manager/menu/CommandCenter.java']/src:class[@pos:start='28:1' and @pos:end='366:1']/src:block[@pos:start='28:28' and @pos:end='366:1']/src:function[@pos:start='260:9' and @pos:end='275:9']/src:block[@pos:start='260:37' and @pos:end='275:9']/src:block_content[@pos:start='261:17' and @pos:end='274:28']/src:if_stmt[@pos:start='263:17' and @pos:end='273:17']/src:if[@pos:start='263:17' and @pos:end='273:17']/src:block[@pos:start='263:42' and @pos:end='273:17']/src:block_content[@pos:start='264:25' and @pos:end='271:43'],3.54217,3.25474,508
43,fa1f1c5a-669b-470d-a0fb-0eb44048957a,1701549191788,133416001435479234,44,539.541,532.189,CommandCenter.java,264,4,String,unit->class->block->function->block->block_content->if_stmt->if->block,//src:unit[@filename='C:/Users/elide-double-blind/eclipse-workspace/iTrace/src/openaudible/src/main/java/org/openaudible/desktop/swt/manager/menu/CommandCenter.java']/src:class[@pos:start='28:1' and @pos:end='366:1']/src:block[@pos:start='28:28' and @pos:end='366:1']/src:function[@pos:start='260:9' and @pos:end='275:9']/src:block[@pos:start='260:37' and @pos:end='275:9']/src:block_content[@pos:start='261:17' and @pos:end='274:28']/src:if_stmt[@pos:start='263:17' and @pos:end='273:17']/src:if[@pos:start='263:17' and @pos:end='273:17']/src:block[@pos:start='263:42' and @pos:end='273:17'],3.59491,3.35287,984
44,c7985087-5de3-4fb0-87c8-a19383a89783,1701549191788,133416001425709954,45,641.886,522.4,CommandCenter.java,264,23,isMac,unit->class->block->function->block->block_content->if_stmt->if->block,//src:unit[@filename='C:/Users/elide-double-blind/eclipse-workspace/iTrace/src/openaudible/src/main/java/org/openaudible/desktop/swt/manager/menu/CommandCenter.java']/src:class[@pos:start='28:1' and @pos:end='366:1']/src:block[@pos:start='28:28' and @pos:end='366:1']/src:function[@pos:start='260:9' and @pos:end='275:9']/src:block[@pos:start='260:37' and @pos:end='275:9']/src:block_content[@pos:start='261:17' and @pos:end='274:28']/src:if_stmt[@pos:start='263:17' and @pos:end='273:17']/src:if[@pos:start='263:17' and @pos:end='273:17']/src:block[@pos:start='263:42' and @pos:end='273:17'],3.58198,3.36004,919
45,f5aaec1d-fd26-4b4a-a345-eea727d96613,1701549191788,133416001416889421,46,576.516,522.516,CommandCenter.java,264,11,q,unit->class->block->function->block->block_content->if_stmt->if->block,//src:unit[@filename='C:/Users/elide-double-blind/eclipse-workspace/iTrace/src/openaudible/src/main/java/org/openaudible/desktop/swt/manager/menu/CommandCenter.java']/src:class[@pos:start='28:1' and @pos:end='366:1']/src:block[@pos:start='28:28' and @pos:end='366:1']/src:function[@pos:start='260:9' and @pos:end='275:9']/src:block[@pos:start='260:37' and @pos:end='275:9']/src:block_content[@pos:start='261:17' and @pos:end='274:28']/src:if_stmt[@pos:start='263:17' and @pos:end='273:17']/src:if[@pos:start='263:17' and @pos:end='273:17']/src:block[@pos:start='263:42' and @pos:end='273:17'],3.56699,3.35325,826
46,2f5c6b94-f1ae-40e9-9f4f-5326862250c8,1701549191788,133416001408315504,47,570.25,315.5,CommandCenter.java,250,8,break,unit->class->block->function->block->block_content->switch->block->block_content,//src:unit[@filename='C:/Users/elide-double-blind/eclipse-workspace/iTrace/src/openaudible/src/main/java/org/openaudible/desktop/swt/manager/menu/CommandCenter.java']/src:class[@pos:start='28:1' and @pos:end='366:1']/src:block[@pos:start='28:28' and @pos:end='366:1']/src:function[@pos:start='162:9' and @pos:end='258:9']/src:block[@pos:start='162:40' and @pos:end='258:9']/src:block_content[@pos:start='163:17' and @pos:end='257:17']/src:switch[@pos:start='165:17' and @pos:end='257:17']/src:block[@pos:start='165:28' and @pos:end='257:17']/src:block_content[@pos:start='166:25' and @pos:end='256:65'],3.62838,3.32989,183
47,6e336122-085b-40f5-ad13-921856111997,1701549191788,133416001397813967,48,603.419,484.742,CommandCenter.java,261,21,testsInProgress,unit->class->block->function->block->block_content->decl_stmt->decl->name,//src:unit[@filename='C:/Users/elide-double-blind/eclipse-workspace/iTrace/src/openaudible/src/main/java/org/openaudible/desktop/swt/manager/menu/CommandCenter.java']/src:class[@pos:start='28:1' and @pos:end='366:1']/src:block[@pos:start='28:28' and @pos:end='366:1']/src:function[@pos:start='260:9' and @pos:end='275:9']/src:block[@pos:start='260:37' and @pos:end='275:9']/src:block_content[@pos:start='261:17' and @pos:end='274:28']/src:decl_stmt[@pos:start='261:17' and @pos:end='261:40']/src:decl[@pos:start='261:17' and @pos:end='261:39']/src:name[@pos:start='261:21' and @pos:end='261:35'],3.56697,3.3795,948
48,1fc60006-43d7-4a5e-8ee0-2ce8f8481927,1701549191788,133416001395207661,49,543.5,506.0,CommandCenter.java,263,11,testsInProgress,unit->class->block->function->block->block_content,//src:unit[@filename='C:/Users/elide-double-blind/eclipse-workspace/iTrace/src/openaudible/src/main/java/org/openaudible/desktop/swt/manager/menu/CommandCenter.java']/src:class[@pos:start='28:1' and @pos:end='366:1']/src:block[@pos:start='28:28' and @pos:end='366:1']/src:function[@pos:start='260:9' and @pos:end='275:9']/src:block[@pos:start='260:37' and @pos:end='275:9']/src:block_content[@pos:start='261:17' and @pos:end='274:28'],3.52423,3.31026,200
49,8f99687f-48c8-435c-a6ee-14c93774c39a,1701549191788,133416001388477024,51,772.929,535.5,CommandCenter.java,265,39,testsInProgress,unit->class->block->function->block->block_content->if_stmt->if->block->block_content->decl_stmt->decl->init->expr->literal,//src:unit[@filename='C:/Users/elide-double-blind/eclipse-workspace/iTrace/src/openaudible/src/main/java/org/openaudible/desktop/swt/manager/menu/CommandCenter.java']/src:class[@pos:start='28:1' and @pos:end='366:1']/src:block[@pos:start='28:28' and @pos:end='366:1']/src:function[@pos:start='260:9' and @pos:end='275:9']/src:block[@pos:start='260:37' and @pos:end='275:9']/src:block_content[@pos:start='261:17' and @pos:end='274:28']/src:if_stmt[@pos:start='263:17' and @pos:end='273:17']/src:if[@pos:start='263:17' and @pos:end='273:17']/src:block[@pos:start='263:42' and @pos:end='273:17']/src:block_content[@pos:start='264:25' and @pos:end='271:43']/src:decl_stmt[@pos:start='265:25' and @pos:end='265:67']/src:decl[@pos:start='265:25' and @pos:end='265:66']/src:init[@pos:start='265:36' and @pos:end='265:66']/src:expr[@pos:start='265:38' and @pos:end='265:66']/src:literal[@pos:start='265:38' and @pos:end='265:48'],3.47911,3.28764,342
50,dcc0e50c-ac12-43ed-98d5-1dfc330c9e4e,1701549191788,133416001380721250,52,628.37,537.222,CommandCenter.java,265,21,WHITESPACE,unit->class->block->function->block->block_content->if_stmt->if->block->block_content,//src:unit[@filename='C:/Users/elide-double-blind/eclipse-workspace/iTrace/src/openaudible/src/main/java/org/openaudible/desktop/swt/manager/menu/CommandCenter.java']/src:class[@pos:start='28:1' and @pos:end='366:1']/src:block[@pos:start='28:28' and @pos:end='366:1']/src:function[@pos:start='260:9' and @pos:end='275:9']/src:block[@pos:start='260:37' and @pos:end='275:9']/src:block_content[@pos:start='261:17' and @pos:end='274:28']/src:if_stmt[@pos:start='263:17' and @pos:end='273:17']/src:if[@pos:start='263:17' and @pos:end='273:17']/src:block[@pos:start='263:42' and @pos:end='273:17']/src:block_content[@pos:start='264:25' and @pos:end='271:43'],3.4306,3.2589,717
51,db58bc78-da71-477f-a159-f754a573fc0a,1701549191788,133416001377479413,53,1011.2,618.4,CommandCenter.java,270,75,want,unit->class->block->function->block->block_content->if_stmt->if->block->block_content->decl_stmt->decl->init->expr->call->argument_list->argument->expr->literal,//src:unit[@filename='C:/Users/elide-double-blind/eclipse-workspace/iTrace/src/openaudible/src/main/java/org/openaudible/desktop/swt/manager/menu/CommandCenter.java']/src:class[@pos:start='28:1' and @pos:end='366:1']/src:block[@pos:start='28:28' and @pos:end='366:1']/src:function[@pos:start='260:9' and @pos:end='275:9']/src:block[@pos:start='260:37' and @pos:end='275:9']/src:block_content[@pos:start='261:17' and @pos:end='274:28']/src:if_stmt[@pos:start='263:17' and @pos:end='273:17']/src:if[@pos:start='263:17' and @pos:end='273:17']/src:block[@pos:start='263:42' and @pos:end='273:17']/src:block_content[@pos:start='264:25' and @pos:end='271:43']/src:decl_stmt[@pos:start='270:25' and @pos:end='270:136']/src:decl[@pos:start='270:25' and @pos:end='270:135']/src:init[@pos:start='270:36' and @pos:end='270:135']/src:expr[@pos:start='270:38' and @pos:end='270:135']/src:call[@pos:start='270:38' and @pos:end='270:135']/src:argument_list[@pos:start='270:67' and @pos:end='270:135']/src:argument[@pos:start='270:75' and @pos:end='270:111']/src:expr[@pos:start='270:75' and @pos:end='270:111']/src:literal[@pos:start='270:75' and @pos:end='270:101'],3.47617,3.21187,242
52,968efa71-f990-4e14-93dc-bc4d8f86f9f5,1701549191788,133416001372144743,55,773.0,612.6,CommandCenter.java,270,40,showGeneral,unit->class->block->function->block->block_content->if_stmt->if->block->block_content->decl_stmt->decl->init->expr->call->name->name,//src:unit[@filename='C:/Users/elide-double-blind/eclipse-workspace/iTrace/src/openaudible/src/main/java/org/openaudible/desktop/swt/manager/menu/CommandCenter.java']/src:class[@pos:start='28:1' and @pos:end='366:1']/src:block[@pos:start='28:28' and @pos:end='366:1']/src:function[@pos:start='260:9' and @pos:end='275:9']/src:block[@pos:start='260:37' and @pos:end='275:9']/src:block_content[@pos:start='261:17' and @pos:end='274:28']/src:if_stmt[@pos:start='263:17' and @pos:end='273:17']/src:if[@pos:start='263:17' and @pos:end='273:17']/src:block[@pos:start='263:42' and @pos:end='273:17']/src:block_content[@pos:start='264:25' and @pos:end='271:43']/src:decl_stmt[@pos:start='270:25' and @pos:end='270:136']/src:decl[@pos:start='270:25' and @pos:end='270:135']/src:init[@pos:start='270:36' and @pos:end='270:135']/src:expr[@pos:start='270:38' and @pos:end='270:135']/src:call[@pos:start='270:38' and @pos:end='270:135']/src:name[@pos:start='270:38' and @pos:end='270:66']/src:name[@pos:start='270:38' and @pos:end='270:54'],3.65662,3.4383,142
53,8e493b72-148a-4ee2-89a8-333b2cf13bee,1701549191788,133416001358815859,56,585.333,111.333,openaudible.txt,97,21,,,,3.74386,3.51828,782
54,9a6e39e8-d56e-4d90-805f-68bd3e2ee825,1701549191788,133416001342722039,57,625.226,562.839,openaudible.txt,127,25,,,,3.8239,3.512,1475
55,a38fb51d-7486-468b-bc8e-22460f5524fe,1701549191788,133416001337475608,58,607.0,112.5,openaudible.txt,97,24,,,,3.78776,3.55055,250
56,85ef76fb-2593-426d-bfc5-8c46dfecdeee,1701549191788,133416001328393006,59,598.0,548.556,openaudible.txt,127,21,,,,3.8354,3.5983,467
57,b2a8f7c9-2bab-4136-9ef6-645694471e6c,1701549191788,133416001312809631,60,530.75,564.0,openaudible.txt,127,14,,,,4.01983,3.67285,134
58,f1eb7f0d-a11b-4346-9e6d-db3c4a6fe95b,1701549191788,133416001310391599,61,458.571,561.857,openaudible.txt,127,3,,,,4.24529,3.94777,175
59,277663a8-606b-4e50-bc6e-690b1ae8d21c,1701549191788,133416001296121898,62,464.091,543.818,openaudible.txt,127,5,,,,4.01109,3.73015,418
60,6df7d226-e865-4eb2-84bf-30b438811cf4,1701549191788,133416001277644762,63,883.5,515.0,openaudible.txt,124,63,,,,3.68707,3.38481,134
61,79aa31cd-5bcf-4d71-970e-82e62d4bea04,1701549191788,133416001272225313,64,738.083,519.417,openaudible.txt,124,46,,,,3.72968,3.46618,441
62,f37b4c9a-2e3f-4731-af07-5e219fb65779,1701549191788,133416001263557070,65,484.889,532.889,openaudible.txt,125,6,,,,3.7444,3.45266,459
63,3b8ac79b-f260-495f-9bf3-63de76912152,1701549191788,133416001259559379,66,470.0,426.25,openaudible.txt,118,6,,,,3.60597,3.3357,142
64,620d5aba-9149-4cef-ac5e-9a47fc7122e4,1701549191788,133416001254894298,67,559.727,518.818,openaudible.txt,124,17,,,,3.62246,3.38293,391
65,555a0505-870b-4863-a037-fb3c53edec42,1701549191788,133416001251217413,68,557.75,513.0,CommandCenter.java,263,12,testsInProgress,unit->class->block->function->block->block_content,//src:unit[@filename='C:/Users/elide-double-blind/eclipse-workspace/iTrace/src/openaudible/src/main/java/org/openaudible/desktop/swt/manager/menu/CommandCenter.java']/src:class[@pos:start='28:1' and @pos:end='366:1']/src:block[@pos:start='28:28' and @pos:end='366:1']/src:function[@pos:start='260:9' and @pos:end='275:9']/src:block[@pos:start='260:37' and @pos:end='275:9']/src:block_content[@pos:start='261:17' and @pos:end='274:28'],3.74754,3.46846,84
66,d4a7be52-4141-4da9-8f46-49690d334e97,1701549191788,133416001239217903,69,514.778,383.0,CommandCenter.java,254,4,WHITESPACE,unit->class->block->function->block->block_content->switch->block->block_content,//src:unit[@filename='C:/Users/elide-double-blind/eclipse-workspace/iTrace/src/openaudible/src/main/java/org/openaudible/desktop/swt/manager/menu/CommandCenter.java']/src:class[@pos:start='28:1' and @pos:end='366:1']/src:block[@pos:start='28:28' and @pos:end='366:1']/src:function[@pos:start='162:9' and @pos:end='258:9']/src:block[@pos:start='162:40' and @pos:end='258:9']/src:block_content[@pos:start='163:17' and @pos:end='257:17']/src:switch[@pos:start='165:17' and @pos:end='257:17']/src:block[@pos:start='165:28' and @pos:end='257:17']/src:block_content[@pos:start='166:25' and @pos:end='256:65'],3.63441,3.32688,209
67,9a94e183-0cca-469a-88b6-23476a021598,1701549191788,133416001233286906,70,570.5,509.0,CommandCenter.java,263,14,testsInProgress,unit->class->block->function->block->block_content,//src:unit[@filename='C:/Users/elide-double-blind/eclipse-workspace/iTrace/src/openaudible/src/main/java/org/openaudible/desktop/swt/manager/menu/CommandCenter.java']/src:class[@pos:start='28:1' and @pos:end='366:1']/src:block[@pos:start='28:28' and @pos:end='366:1']/src:function[@pos:start='260:9' and @pos:end='275:9']/src:block[@pos:start='260:37' and @pos:end='275:9']/src:block_content[@pos:start='261:17' and @pos:end='274:28'],3.54001,3.33803,161
68,060131ae-c0f1-478f-863d-0ab1f7f0a3d1,1701549191788,133416001229804575,71,502.875,678.0,CommandCenter.java,274,5,return,unit->class->block->function->block->block_content,//src:unit[@filename='C:/Users/elide-double-blind/eclipse-workspace/iTrace/src/openaudible/src/main/java/org/openaudible/desktop/swt/manager/menu/CommandCenter.java']/src:class[@pos:start='28:1' and @pos:end='366:1']/src:block[@pos:start='28:28' and @pos:end='366:1']/src:function[@pos:start='260:9' and @pos:end='275:9']/src:block[@pos:start='260:37' and @pos:end='275:9']/src:block_content[@pos:start='261:17' and @pos:end='274:28'],3.45411,3.20916,223
69,e1e7a82d-9cf5-4be4-a1f0-dc4f9804008d,1701549191788,133416001225870151,72,559.417,624.167,CommandCenter.java,271,10,WHITESPACE,unit->class->block->function->block->block_content->if_stmt->if->block->block_content,//src:unit[@filename='C:/Users/elide-double-blind/eclipse-workspace/iTrace/src/openaudible/src/main/java/org/openaudible/desktop/swt/manager/menu/CommandCenter.java']/src:class[@pos:start='28:1' and @pos:end='366:1']/src:block[@pos:start='28:28' and @pos:end='366:1']/src:function[@pos:start='260:9' and @pos:end='275:9']/src:block[@pos:start='260:37' and @pos:end='275:9']/src:block_content[@pos:start='261:17' and @pos:end='274:28']/src:if_stmt[@pos:start='263:17' and @pos:end='273:17']/src:if[@pos:start='263:17' and @pos:end='273:17']/src:block[@pos:start='263:42' and @pos:end='273:17']/src:block_content[@pos:start='264:25' and @pos:end='271:43'],3.37696,3.14437,333
70,a1ca5af0-bf04-4355-a182-f81a101b90bc,1701549191788,133416001223559930,73,1188.83,614.833,CommandCenter.java,270,100,buttons,unit->class->block->function->block->block_content->if_stmt->if->block->block_content->decl_stmt->decl->init->expr->call->argument_list->argument->expr->literal,//src:unit[@filename='C:/Users/elide-double-blind/eclipse-workspace/iTrace/src/openaudible/src/main/java/org/openaudible/desktop/swt/manager/menu/CommandCenter.java']/src:class[@pos:start='28:1' and @pos:end='366:1']/src:block[@pos:start='28:28' and @pos:end='366:1']/src:function[@pos:start='260:9' and @pos:end='275:9']/src:block[@pos:start='260:37' and @pos:end='275:9']/src:block_content[@pos:start='261:17' and @pos:end='274:28']/src:if_stmt[@pos:start='263:17' and @pos:end='273:17']/src:if[@pos:start='263:17' and @pos:end='273:17']/src:block[@pos:start='263:42' and @pos:end='273:17']/src:block_content[@pos:start='264:25' and @pos:end='271:43']/src:decl_stmt[@pos:start='270:25' and @pos:end='270:136']/src:decl[@pos:start='270:25' and @pos:end='270:135']/src:init[@pos:start='270:36' and @pos:end='270:135']/src:expr[@pos:start='270:38' and @pos:end='270:135']/src:call[@pos:start='270:38' and @pos:end='270:135']/src:argument_list[@pos:start='270:67' and @pos:end='270:135']/src:argument[@pos:start='270:75' and @pos:end='270:111']/src:expr[@pos:start='270:75' and @pos:end='270:111']/src:literal[@pos:start='270:75' and @pos:end='270:101'],3.40629,3.06402,156
71,f805285c-a233-4fcc-b03f-1eaabc65cc0d,1701549191788,133416001221039145,74,1135.75,617.25,CommandCenter.java,270,92,WHITESPACE,unit->class->block->function->block->block_content->if_stmt->if->block->block_content->decl_stmt->decl->init->expr->call->argument_list->argument->expr->literal,//src:unit[@filename='C:/Users/elide-double-blind/eclipse-workspace/iTrace/src/openaudible/src/main/java/org/openaudible/desktop/swt/manager/menu/CommandCenter.java']/src:class[@pos:start='28:1' and @pos:end='366:1']/src:block[@pos:start='28:28' and @pos:end='366:1']/src:function[@pos:start='260:9' and @pos:end='275:9']/src:block[@pos:start='260:37' and @pos:end='275:9']/src:block_content[@pos:start='261:17' and @pos:end='274:28']/src:if_stmt[@pos:start='263:17' and @pos:end='273:17']/src:if[@pos:start='263:17' and @pos:end='273:17']/src:block[@pos:start='263:42' and @pos:end='273:17']/src:block_content[@pos:start='264:25' and @pos:end='271:43']/src:decl_stmt[@pos:start='270:25' and @pos:end='270:136']/src:decl[@pos:start='270:25' and @pos:end='270:135']/src:init[@pos:start='270:36' and @pos:end='270:135']/src:expr[@pos:start='270:38' and @pos:end='270:135']/src:call[@pos:start='270:38' and @pos:end='270:135']/src:argument_list[@pos:start='270:67' and @pos:end='270:135']/src:argument[@pos:start='270:75' and @pos:end='270:111']/src:expr[@pos:start='270:75' and @pos:end='270:111']/src:literal[@pos:start='270:75' and @pos:end='270:101'],3.42941,3.0755,177
72,57ea9f8e-79f2-492a-83fe-18ede114c436,1701549191788,133416001216721667,75,996.692,614.538,CommandCenter.java,270,70,you,unit->class->block->function->block->block_content->if_stmt->if->block->block_content->decl_stmt->decl->init->expr->call->argument_list->argument->expr->name,//src:unit[@filename='C:/Users/elide-double-blind/eclipse-workspace/iTrace/src/openaudible/src/main/java/org/openaudible/desktop/swt/manager/menu/CommandCenter.java']/src:class[@pos:start='28:1' and @pos:end='366:1']/src:block[@pos:start='28:28' and @pos:end='366:1']/src:function[@pos:start='260:9' and @pos:end='275:9']/src:block[@pos:start='260:37' and @pos:end='275:9']/src:block_content[@pos:start='261:17' and @pos:end='274:28']/src:if_stmt[@pos:start='263:17' and @pos:end='273:17']/src:if[@pos:start='263:17' and @pos:end='273:17']/src:block[@pos:start='263:42' and @pos:end='273:17']/src:block_content[@pos:start='264:25' and @pos:end='271:43']/src:decl_stmt[@pos:start='270:25' and @pos:end='270:136']/src:decl[@pos:start='270:25' and @pos:end='270:135']/src:init[@pos:start='270:36' and @pos:end='270:135']/src:expr[@pos:start='270:38' and @pos:end='270:135']/src:call[@pos:start='270:38' and @pos:end='270:135']/src:argument_list[@pos:start='270:67' and @pos:end='270:135']/src:argument[@pos:start='270:68' and @pos:end='270:72']/src:expr[@pos:start='270:68' and @pos:end='270:72']/src:name[@pos:start='270:68' and @pos:end='270:72'],3.45268,3.14937,376
73,708ad57e-51cd-4c8e-ba11-a93967805be7,1701549191788,133416001213305266,76,858.0,617.0,CommandCenter.java,270,52,",",unit->class->block->function->block->block_content->if_stmt->if->block->block_content->decl_stmt->decl->init->expr->call->name->name,//src:unit[@filename='C:/Users/elide-double-blind/eclipse-workspace/iTrace/src/openaudible/src/main/java/org/openaudible/desktop/swt/manager/menu/CommandCenter.java']/src:class[@pos:start='28:1' and @pos:end='366:1']/src:block[@pos:start='28:28' and @pos:end='366:1']/src:function[@pos:start='260:9' and @pos:end='275:9']/src:block[@pos:start='260:37' and @pos:end='275:9']/src:block_content[@pos:start='261:17' and @pos:end='274:28']/src:if_stmt[@pos:start='263:17' and @pos:end='273:17']/src:if[@pos:start='263:17' and @pos:end='273:17']/src:block[@pos:start='263:42' and @pos:end='273:17']/src:block_content[@pos:start='264:25' and @pos:end='271:43']/src:decl_stmt[@pos:start='270:25' and @pos:end='270:136']/src:decl[@pos:start='270:25' and @pos:end='270:135']/src:init[@pos:start='270:36' and @pos:end='270:135']/src:expr[@pos:start='270:38' and @pos:end='270:135']/src:call[@pos:start='270:38' and @pos:end='270:135']/src:name[@pos:start='270:38' and @pos:end='270:66']/src:name[@pos:start='270:38' and @pos:end='270:54'],3.47232,3.22131,108
74,2dd33cec-e891-4094-ab8b-580015b00b5d,1701549191788,133416001206804118,78,823.5,572.25,CommandCenter.java,267,48,to,unit->class->block->function->block->block_content->if_stmt->if->block->block_content->expr_stmt->expr->literal,//src:unit[@filename='C:/Users/elide-double-blind/eclipse-workspace/iTrace/src/openaudible/src/main/java/org/openaudible/desktop/swt/manager/menu/CommandCenter.java']/src:class[@pos:start='28:1' and @pos:end='366:1']/src:block[@pos:start='28:28' and @pos:end='366:1']/src:function[@pos:start='260:9' and @pos:end='275:9']/src:block[@pos:start='260:37' and @pos:end='275:9']/src:block_content[@pos:start='261:17' and @pos:end='274:28']/src:if_stmt[@pos:start='263:17' and @pos:end='273:17']/src:if[@pos:start='263:17' and @pos:end='273:17']/src:block[@pos:start='263:42' and @pos:end='273:17']/src:block_content[@pos:start='264:25' and @pos:end='271:43']/src:expr_stmt[@pos:start='267:25' and @pos:end='267:91']/src:expr[@pos:start='267:25' and @pos:end='267:90']/src:literal[@pos:start='267:32' and @pos:end='267:72'],3.5266,3.2602,125
75,4b2e5e61-094c-4316-a886-d08c53eff3fa,1701549191788,133416001205452228,79,772.667,569.0,CommandCenter.java,267,41,really,unit->class->block->function->block->block_content->if_stmt->if->block->block_content->expr_stmt->expr->literal,//src:unit[@filename='C:/Users/elide-double-blind/eclipse-workspace/iTrace/src/openaudible/src/main/java/org/openaudible/desktop/swt/manager/menu/CommandCenter.java']/src:class[@pos:start='28:1' and @pos:end='366:1']/src:block[@pos:start='28:28' and @pos:end='366:1']/src:function[@pos:start='260:9' and @pos:end='275:9']/src:block[@pos:start='260:37' and @pos:end='275:9']/src:block_content[@pos:start='261:17' and @pos:end='274:28']/src:if_stmt[@pos:start='263:17' and @pos:end='273:17']/src:if[@pos:start='263:17' and @pos:end='273:17']/src:block[@pos:start='263:42' and @pos:end='273:17']/src:block_content[@pos:start='264:25' and @pos:end='271:43']/src:expr_stmt[@pos:start='267:25' and @pos:end='267:91']/src:expr[@pos:start='267:25' and @pos:end='267:90']/src:literal[@pos:start='267:32' and @pos:end='267:72'],3.55938,3.29832,85
76,9b3042a8-cf6a-4dc2-9794-55bbb9c84915,1701549191788,133416001202221658,80,706.0,574.6,CommandCenter.java,267,30,\n\nDo,unit->class->block->function->block->block_content->if_stmt->if->block->block_content->expr_stmt->expr->operator,//src:unit[@filename='C:/Users/elide-double-blind/eclipse-workspace/iTrace/src/openaudible/src/main/java/org/openaudible/desktop/swt/manager/menu/CommandCenter.java']/src:class[@pos:start='28:1' and @pos:end='366:1']/src:block[@pos:start='28:28' and @pos:end='366:1']/src:function[@pos:start='260:9' and @pos:end='275:9']/src:block[@pos:start='260:37' and @pos:end='275:9']/src:block_content[@pos:start='261:17' and @pos:end='274:28']/src:if_stmt[@pos:start='263:17' and @pos:end='273:17']/src:if[@pos:start='263:17' and @pos:end='273:17']/src:block[@pos:start='263:42' and @pos:end='273:17']/src:block_content[@pos:start='264:25' and @pos:end='271:43']/src:expr_stmt[@pos:start='267:25' and @pos:end='267:91']/src:expr[@pos:start='267:25' and @pos:end='267:90']/src:operator[@pos:start='267:29' and @pos:end='267:30'],3.59407,3.35981,233
77,31e9b588-22d7-4bf4-9a07-04daa087a7a0,1701549191788,133416001194471373,81,605.667,566.333,CommandCenter.java,266,15,test,unit->class->block->function->block->block_content->if_stmt->if->block->block_content,//src:unit[@filename='C:/Users/elide-double-blind/eclipse-workspace/iTrace/src/openaudible/src/main/java/org/openaudible/desktop/swt/manager/menu/CommandCenter.java']/src:class[@pos:start='28:1' and @pos:end='366:1']/src:block[@pos:start='28:28' and @pos:end='366:1']/src:function[@pos:start='260:9' and @pos:end='275:9']/src:block[@pos:start='260:37' and @pos:end='275:9']/src:block_content[@pos:start='261:17' and @pos:end='274:28']/src:if_stmt[@pos:start='263:17' and @pos:end='273:17']/src:if[@pos:start='263:17' and @pos:end='273:17']/src:block[@pos:start='263:42' and @pos:end='273:17']/src:block_content[@pos:start='264:25' and @pos:end='271:43'],3.64527,3.40899,690
78,51707336-5b6e-4575-99be-61180adfbc56,1701549191788,133416001192638564,82,551.5,562.833,CommandCenter.java,266,9,+=,unit->class->block->function->block->block_content->if_stmt->if->block->block_content,//src:unit[@filename='C:/Users/elide-double-blind/eclipse-workspace/iTrace/src/openaudible/src/main/java/org/openaudible/desktop/swt/manager/menu/CommandCenter.java']/src:class[@pos:start='28:1' and @pos:end='366:1']/src:block[@pos:start='28:28' and @pos:end='366:1']/src:function[@pos:start='260:9' and @pos:end='275:9']/src:block[@pos:start='260:37' and @pos:end='275:9']/src:block_content[@pos:start='261:17' and @pos:end='274:28']/src:if_stmt[@pos:start='263:17' and @pos:end='273:17']/src:if[@pos:start='263:17' and @pos:end='273:17']/src:block[@pos:start='263:42' and @pos:end='273:17']/src:block_content[@pos:start='264:25' and @pos:end='271:43'],3.59106,3.33923,134
79,ac580371-cd82-447b-b260-58f8eb517e1b,1701549191788,133416001186785821,83,740.8,538.733,CommandCenter.java,265,38,testsInProgress,unit->class->block->function->block->block_content->if_stmt->if->block->block_content->decl_stmt->decl->init->expr->literal,//src:unit[@filename='C:/Users/elide-double-blind/eclipse-workspace/iTrace/src/openaudible/src/main/java/org/openaudible/desktop/swt/manager/menu/CommandCenter.java']/src:class[@pos:start='28:1' and @pos:end='366:1']/src:block[@pos:start='28:28' and @pos:end='366:1']/src:function[@pos:start='260:9' and @pos:end='275:9']/src:block[@pos:start='260:37' and @pos:end='275:9']/src:block_content[@pos:start='261:17' and @pos:end='274:28']/src:if_stmt[@pos:start='263:17' and @pos:end='273:17']/src:if[@pos:start='263:17' and @pos:end='273:17']/src:block[@pos:start='263:42' and @pos:end='273:17']/src:block_content[@pos:start='264:25' and @pos:end='271:43']/src:decl_stmt[@pos:start='265:25' and @pos:end='265:67']/src:decl[@pos:start='265:25' and @pos:end='265:66']/src:init[@pos:start='265:36' and @pos:end='265:66']/src:expr[@pos:start='265:38' and @pos:end='265:66']/src:literal[@pos:start='265:38' and @pos:end='265:48'],3.64554,3.3783,435
80,cbecf701-70aa-4678-9eb8-8b3e658d74ba,1701549191788,133416001182053940,84,629.125,534.375,CommandCenter.java,264,20,isMac,unit->class->block->function->block->block_content->if_stmt->if->block,//src:unit[@filename='C:/Users/elide-double-blind/eclipse-workspace/iTrace/src/openaudible/src/main/java/org/openaudible/desktop/swt/manager/menu/CommandCenter.java']/src:class[@pos:start='28:1' and @pos:end='366:1']/src:block[@pos:start='28:28' and @pos:end='366:1']/src:function[@pos:start='260:9' and @pos:end='275:9']/src:block[@pos:start='260:37' and @pos:end='275:9']/src:block_content[@pos:start='261:17' and @pos:end='274:28']/src:if_stmt[@pos:start='263:17' and @pos:end='273:17']/src:if[@pos:start='263:17' and @pos:end='273:17']/src:block[@pos:start='263:42' and @pos:end='273:17'],3.67736,3.42467,425
81,359b254a-b8ae-447b-956a-a8352b4e1a0c,1701549191788,133416001179972251,85,570.714,524.429,CommandCenter.java,264,12,WHITESPACE,unit->class->block->function->block->block_content->if_stmt->if->block,//src:unit[@filename='C:/Users/elide-double-blind/eclipse-workspace/iTrace/src/openaudible/src/main/java/org/openaudible/desktop/swt/manager/menu/CommandCenter.java']/src:class[@pos:start='28:1' and @pos:end='366:1']/src:block[@pos:start='28:28' and @pos:end='366:1']/src:function[@pos:start='260:9' and @pos:end='275:9']/src:block[@pos:start='260:37' and @pos:end='275:9']/src:block_content[@pos:start='261:17' and @pos:end='274:28']/src:if_stmt[@pos:start='263:17' and @pos:end='273:17']/src:if[@pos:start='263:17' and @pos:end='273:17']/src:block[@pos:start='263:42' and @pos:end='273:17'],3.66629,3.42412,157
82,79eb2112-4d9c-4cae-a21a-3ec1d1f7fc4d,1701549191788,133416001176381786,86,623.917,521.25,CommandCenter.java,264,20,isMac,unit->class->block->function->block->block_content->if_stmt->if->block,//src:unit[@filename='C:/Users/elide-double-blind/eclipse-workspace/iTrace/src/openaudible/src/main/java/org/openaudible/desktop/swt/manager/menu/CommandCenter.java']/src:class[@pos:start='28:1' and @pos:end='366:1']/src:block[@pos:start='28:28' and @pos:end='366:1']/src:function[@pos:start='260:9' and @pos:end='275:9']/src:block[@pos:start='260:37' and @pos:end='275:9']/src:block_content[@pos:start='261:17' and @pos:end='274:28']/src:if_stmt[@pos:start='263:17' and @pos:end='273:17']/src:if[@pos:start='263:17' and @pos:end='273:17']/src:block[@pos:start='263:42' and @pos:end='273:17'],3.72382,3.50954,301
83,62a3ee32-1a94-48dc-b22f-f4283b0921df,1701549191788,133416001173717016,87,753.0,522.571,CommandCenter.java,264,38,WHITESPACE,unit->class->block->function->block->block_content->if_stmt->if->block->block_content->decl_stmt->decl->init->expr->ternary->condition->expr->call->name->name,//src:unit[@filename='C:/Users/elide-double-blind/eclipse-workspace/iTrace/src/openaudible/src/main/java/org/openaudible/desktop/swt/manager/menu/CommandCenter.java']/src:class[@pos:start='28:1' and @pos:end='366:1']/src:block[@pos:start='28:28' and @pos:end='366:1']/src:function[@pos:start='260:9' and @pos:end='275:9']/src:block[@pos:start='260:37' and @pos:end='275:9']/src:block_content[@pos:start='261:17' and @pos:end='274:28']/src:if_stmt[@pos:start='263:17' and @pos:end='273:17']/src:if[@pos:start='263:17' and @pos:end='273:17']/src:block[@pos:start='263:42' and @pos:end='273:17']/src:block_content[@pos:start='264:25' and @pos:end='271:43']/src:decl_stmt[@pos:start='264:25' and @pos:end='264:67']/src:decl[@pos:start='264:25' and @pos:end='264:66']/src:init[@pos:start='264:34' and @pos:end='264:66']/src:expr[@pos:start='264:36' and @pos:end='264:66']/src:ternary[@pos:start='264:36' and @pos:end='264:66']/src:condition[@pos:start='264:36' and @pos:end='264:48']/src:expr[@pos:start='264:36' and @pos:end='264:46']/src:call[@pos:start='264:36' and @pos:end='264:46']/src:name[@pos:start='264:36' and @pos:end='264:44']/src:name[@pos:start='264:36' and @pos:end='264:38'],3.74005,3.49072,217
84,0019b215-6c6b-4489-abea-1675fa0f8dc7,1701549191788,133416001162204746,88,598.821,481.25,CommandCenter.java,261,18,testsInProgress,unit->class->block->function->block->block_content->decl_stmt->decl->type->name,//src:unit[@filename='C:/Users/elide-double-blind/eclipse-workspace/iTrace/src/openaudible/src/main/java/org/openaudible/desktop/swt/manager/menu/CommandCenter.java']/src:class[@pos:start='28:1' and @pos:end='366:1']/src:block[@pos:start='28:28' and @pos:end='366:1']/src:function[@pos:start='260:9' and @pos:end='275:9']/src:block[@pos:start='260:37' and @pos:end='275:9']/src:block_content[@pos:start='261:17' and @pos:end='274:28']/src:decl_stmt[@pos:start='261:17' and @pos:end='261:40']/src:decl[@pos:start='261:17' and @pos:end='261:39']/src:type[@pos:start='261:17' and @pos:end='261:19']/src:name[@pos:start='261:17' and @pos:end='261:19'],3.62324,3.41783,1033
85,9e71ce3a-a6bd-4255-ac51-5854df6c99da,1701549191788,133416001155803742,89,516.444,481.333,CommandCenter.java,260,9,boolean,unit->class->block->function->type->specifier,//src:unit[@filename='C:/Users/elide-double-blind/eclipse-workspace/iTrace/src/openaudible/src/main/java/org/openaudible/desktop/swt/manager/menu/CommandCenter.java']/src:class[@pos:start='28:1' and @pos:end='366:1']/src:block[@pos:start='28:28' and @pos:end='366:1']/src:function[@pos:start='260:9' and @pos:end='275:9']/src:type[@pos:start='260:9' and @pos:end='260:22']/src:specifier[@pos:start='260:9' and @pos:end='260:14'],3.64116,3.39925,358
86,3eebbeb6-0f22-4e32-b831-7fc50bc78046,1701549191788,133416001143219603,90,545.2,191.0,CommandCenter.java,243,5,LogWindow,unit->class->block->function->block->block_content->switch->block->block_content,//src:unit[@filename='C:/Users/elide-double-blind/eclipse-workspace/iTrace/src/openaudible/src/main/java/org/openaudible/desktop/swt/manager/menu/CommandCenter.java']/src:class[@pos:start='28:1' and @pos:end='366:1']/src:block[@pos:start='28:28' and @pos:end='366:1']/src:function[@pos:start='162:9' and @pos:end='258:9']/src:block[@pos:start='162:40' and @pos:end='258:9']/src:block_content[@pos:start='163:17' and @pos:end='257:17']/src:switch[@pos:start='165:17' and @pos:end='257:17']/src:block[@pos:start='165:28' and @pos:end='257:17']/src:block_content[@pos:start='166:25' and @pos:end='256:65'],3.43968,3.22417,682
87,8648b01f-4131-4f22-a9b6-a3d8314302a8,1701549191788,133416001137638286,91,622.333,472.667,CommandCenter.java,261,22,WHITESPACE,unit->class->block->function->block->block_content->decl_stmt->decl->name,//src:unit[@filename='C:/Users/elide-double-blind/eclipse-workspace/iTrace/src/openaudible/src/main/java/org/openaudible/desktop/swt/manager/menu/CommandCenter.java']/src:class[@pos:start='28:1' and @pos:end='366:1']/src:block[@pos:start='28:28' and @pos:end='366:1']/src:function[@pos:start='260:9' and @pos:end='275:9']/src:block[@pos:start='260:37' and @pos:end='275:9']/src:block_content[@pos:start='261:17' and @pos:end='274:28']/src:decl_stmt[@pos:start='261:17' and @pos:end='261:40']/src:decl[@pos:start='261:17' and @pos:end='261:39']/src:name[@pos:start='261:21' and @pos:end='261:35'],3.37063,3.16836,158
88,9c48eb18-e680-4c19-875c-2928733d6b1a,1701549191788,133416001134116583,92,589.0,473.0,CommandCenter.java,260,19,reallyQuit,unit->class->block->function->type->name,//src:unit[@filename='C:/Users/elide-double-blind/eclipse-workspace/iTrace/src/openaudible/src/main/java/org/openaudible/desktop/swt/manager/menu/CommandCenter.java']/src:class[@pos:start='28:1' and @pos:end='366:1']/src:block[@pos:start='28:28' and @pos:end='366:1']/src:function[@pos:start='260:9' and @pos:end='275:9']/src:type[@pos:start='260:9' and @pos:end='260:22']/src:name[@pos:start='260:16' and @pos:end='260:22'],3.3671,3.18376,85
89,cd586c98-cd07-4c30-a9eb-26576f017371,1701549191788,133416001127217883,93,597.083,478.333,CommandCenter.java,261,17,testsInProgress,unit->class->block->function->block->block_content->decl_stmt->decl->type->name,//src:unit[@filename='C:/Users/elide-double-blind/eclipse-workspace/iTrace/src/openaudible/src/main/java/org/openaudible/desktop/swt/manager/menu/CommandCenter.java']/src:class[@pos:start='28:1' and @pos:end='366:1']/src:block[@pos:start='28:28' and @pos:end='366:1']/src:function[@pos:start='260:9' and @pos:end='275:9']/src:block[@pos:start='260:37' and @pos:end='275:9']/src:block_content[@pos:start='261:17' and @pos:end='274:28']/src:decl_stmt[@pos:start='261:17' and @pos:end='261:40']/src:decl[@pos:start='261:17' and @pos:end='261:39']/src:type[@pos:start='261:17' and @pos:end='261:19']/src:name[@pos:start='261:17' and @pos:end='261:19'],3.47539,3.25478,409
90,2ddb4279-389e-4437-8410-84826d64bd91,1701549191788,133416001124968061,94,534.167,479.833,CommandCenter.java,261,9,testsInProgress,unit->class->block->function->block,//src:unit[@filename='C:/Users/elide-double-blind/eclipse-workspace/iTrace/src/openaudible/src/main/java/org/openaudible/desktop/swt/manager/menu/CommandCenter.java']/src:class[@pos:start='28:1' and @pos:end='366:1']/src:block[@pos:start='28:28' and @pos:end='366:1']/src:function[@pos:start='260:9' and @pos:end='275:9']/src:block[@pos:start='260:37' and @pos:end='275:9'],3.55548,3.30241,166
91,1b616113-3ff2-47e2-86fb-e65bb8e2bbd7,1701549191788,133416001117531832,95,436.75,433.25,CommandCenter.java,258,1,WHITESPACE,unit->class->block->function->block,//src:unit[@filename='C:/Users/elide-double-blind/eclipse-workspace/iTrace/src/openaudible/src/main/java/org/openaudible/desktop/swt/manager/menu/CommandCenter.java']/src:class[@pos:start='28:1' and @pos:end='366:1']/src:block[@pos:start='28:28' and @pos:end='366:1']/src:function[@pos:start='162:9' and @pos:end='258:9']/src:block[@pos:start='162:40' and @pos:end='258:9'],3.56552,3.30305,110
92,3424ecbf-f877-4128-9212-2857f44b2e14,1701549191788,133416001060710044,96,449.375,547.0,CommandCenter.java,49,2,WHITESPACE,unit->class->block->function->block,//src:unit[@filename='C:/Users/elide-double-blind/eclipse-workspace/iTrace/src/openaudible/src/main/java/org/openaudible/desktop/swt/manager/menu/CommandCenter.java']/src:class[@pos:start='28:1' and @pos:end='366:1']/src:block[@pos:start='28:28' and @pos:end='366:1']/src:function[@pos:start='48:9' and @pos:end='50:9']/src:block[@pos:start='48:41' and @pos:end='50:9'],3.9096,3.66163,193
93,cf7eb56f-2e88-4c86-9dae-6ea92472e6cd,1701549191788,133416001052366517,97,584.6,109.8,openaudible.txt,97,20,,,,3.77444,3.55575,168
94,3ae644d6-b326-424c-8740-c486bd3535b0,1701549191788,133416001048049501,98,488.75,725.25,openaudible.txt,138,7,,,,3.71839,3.49016,200
95,e10a4d91-d95e-4ade-92e5-bd628a583c31,1701549191788,133416001046446296,99,561.2,678.6,openaudible.txt,135,21,,,,3.67572,3.45616,102
96,907c3c74-d925-4a66-aa3f-729bdc6852ed,1701549191788,133416001043459655,100,494.6,678.9,openaudible.txt,135,11,,,,3.6191,3.41716,243
97,f11c80d1-4592-41a1-a3c3-4f9903516675,1701549191788,133416001040299562,101,1040.5,520.833,openaudible.txt,124,86,,,,3.65873,3.34569,207
98,6fba177d-0b9d-4465-b5d3-01e1232f97f4,1701549191788,133416000973044878,102,566.625,228.25,CommandCenter.java,28,19,CommandCenter,unit->class->name,//src:unit[@filename='C:/Users/elide-double-blind/eclipse-workspace/iTrace/src/openaudible/src/main/java/org/openaudible/desktop/swt/manager/menu/CommandCenter.java']/src:class[@pos:start='28:1' and @pos:end='366:1']/src:name[@pos:start='28:14' and @pos:end='28:26'],3.47562,3.20166,4690
99,40d714d2-2d74-4026-8e98-0643279d5756,1701549191788,133416000933628899,103,823.077,519.538,openaudible.txt,124,55,,,,3.30181,3.0397,258
100,203c6b15-baae-4313-a672-f0a7da6d6fcc,1701549191788,133416000928961581,104,756.294,516.941,openaudible.txt,124,47,,,,3.52231,3.22868,424
101,3c0ed42e-4708-4780-929c-d9c82b19e02d,1701549191788,133416000887626383,105,814.756,517.089,openaudible.txt,124,48,,,,3.67071,3.3263,808
102,dd1f81ad-6db3-483f-9dd9-f87d7ea82e89,1701549191788,133416000851605333,106,689.92,518.04,openaudible.txt,124,34,,,,3.40532,3.14811,294
103,c06fe937-b40e-4254-8392-9dffc09f6139,1701549191788,133416000847038637,107,707.722,519.833,openaudible.txt,124,41,,,,3.38797,3.13694,301
104,0bc830c2-1b08-47f3-a048-d45bbf19da97,1701549191788,133416000842955121,108,767.0,518.818,openaudible.txt,124,44,,,,3.52674,3.197,234
105,6b942dd4-eca3-45bd-a2e8-e81df5ab0f26,1701549191788,133416000799955985,109,645.568,519.0,openaudible.txt,124,32,,,,3.59674,3.31247,490
106,d979b581-1176-43de-958a-90cd7d0589f1,1701549191788,133416000755920331,110,701.343,518.771,openaudible.txt,124,40,,,,3.51759,3.3152,561
107,77da1d8c-d33a-4177-9127-1f6569358b41,1701549191788,133416000753205801,111,628.9,519.8,openaudible.txt,124,27,,,,3.48095,3.29,250
108,38fc8d97-247d-4f6b-b3c7-bbe578c217f7,1701549191788,133416000750956193,112,571.111,517.667,openaudible.txt,124,19,,,,3.47519,3.25372,83
109,f957e016-49c2-419f-b59f-643319d2377b,1701549191788,133416000744785081,113,746.92,520.0,openaudible.txt,124,49,,,,3.54769,3.29657,567
110,41fb7d5b-8aca-4321-9919-bbd5926d2a8b,1701549191788,133416000741291299,114,656.0,520.5,openaudible.txt,124,31,,,,3.85526,3.52716,291
111,acac31d5-df48-41be-8cf5-30aedb44669c,1701549191788,133416000688454701,115,698.4,518.2,openaudible.txt,124,36,,,,3.59792,3.3916,800
